season,player_id,published_on,event_on,captured_on,state,competitors,summary,source_url
2014,00-0023459,2014-08-16,,2026-09-23,starter,Matt Flynn,Returned to lead first-team offense.,https://fantasy-www.nfl.com/news/bradford-rodgers-show-no-signs-of-injury-in-preseason-debuts-0ap3000000378828
2014,00-0027854,2014-08-16,,2026-09-23,starter,Shaun Hill,Returned to lead first-team offense.,https://fantasy-www.nfl.com/news/bradford-rodgers-show-no-signs-of-injury-in-preseason-debuts-0ap3000000378828
2014,00-0027946,2014-08-04,,2026-09-23,starter,Charlie Whitehurst,Reported as entrenched starter.,https://amp.nfl.com/news/jake-locker-s-tennessee-titans-career-at-make-or-break-point-0ap2000000373883
2014,00-0022787,2014-03-21,2014-03-21,2026-09-23,starter,Matt McGloin,Allen explicitly identifies Schaub as starting quarterback.,https://www.raiders.com/news/coach-allen-conference-call-12793795
2015,00-0021429,2015-07-29,,2026-09-23,starter,Drew Stanton,Team identifies Palmer as starter and Stanton as backup.,https://www.azcardinals.com/news/cardinals-start-with-qb-school-15539407
2015,00-0029665,2015-08-29,,2026-09-23,competition,Kirk Cousins;Colt McCoy,Cousins auditions amid unresolved Griffin health and job status.,https://www.nfl.com/news/robert-griffin-iii-doesn-t-think-he-suffered-concussion-0ap3000000517624
2015,00-0028118,2015-08-29,2015-08-29,2026-09-23,competition,Matt Cassel;EJ Manuel,Ryan has not yet chosen among three quarterbacks.,https://www.buffalobills.com/news/qbs-shine-again-await-final-decision-on-starter-15770546
2016,00-0029668,2016-08-20,2016-08-20,2026-09-23,starter,Scott Tolzien,Luck returns with the starting offense.,https://www.colts.com/news/andrew-luck-flawless-in-return-to-game-action-17529453
2016,00-0021678,2016-08-13,2016-08-13,2026-09-23,starter,Dak Prescott,Romo is among rested starters; Prescott is second quarterback.,https://www.dallascowboys.com/news/tony-romo-select-starters-not-playing-in-preseason-opener-vs-rams-410016
2016,00-0029682,2016-08-14,2016-08-14,2026-09-23,starter,Tom Savage,Team identifies Osweiler as starting quarterback.,https://www.houstontexans.com/news/brock-osweiler-s-first-game-as-a-texan-17491037
2016,00-0026898,2016-08-18,2016-08-18,2026-09-23,competition,Trevor Siemian;Paxton Lynch,Sanchez and Siemian share first-team opportunities.,https://www.denverbroncos.com/news/broncos-training-camp-takeaways-day-22-17517027
2016,00-0026898,2016-08-29,2016-08-29,2026-09-23,backup,Trevor Siemian,Siemian named starter after the forecast cutoff.,https://www.denverbroncos.com/news/trevor-siemian-will-be-the-broncos-starting-quarterback-17579721
2016,00-0027948,2016-08-26,2016-08-26,2026-09-23,competition,Colin Kaepernick,Competition report is after the forecast cutoff.,https://www.49ers.com/news/what-we-learned-packers-21-49ers-10-17566224
2017,00-0026625,2017-08-17,,2026-09-23,starter,CJ Beathard;Matt Barkley,Team identifies Hoyer as its starting quarterback.,https://www.49ers.com/news/john-lynch-49ers-qb-brian-hoyer-has-exceeded-expectations-19207471
2017,00-0030520,2017-08-23,2017-08-23,2026-09-23,starter,Mitchell Trubisky;Mark Sanchez,Fox retains Glennon as number one.,https://www.chicagobears.com/news/trubisky-to-open-second-half-with-starters-19246491
2017,00-0033106,2017-08-12,2017-08-12,2026-09-23,starter,Sean Mannion,Team says Goff enters the season as starter.,https://www.therams.com/news/goff-offense-efficient-in-preseason-opener-19181227
2017,00-0033104,2017-08-27,2017-08-27,2026-09-23,backup,DeShone Kizer;Brock Osweiler,Kizer wins the competition that included Kessler.,https://www.clevelandbrowns.com/news/deshone-kizer-named-browns-starting-qb-for-2017-season-19268545
2017,00-0021206,2017-08-28,2017-08-28,2026-09-23,starter,Christian Hackenberg;Bryce Petty,Jets name McCown starter.,https://www.newyorkjets.com/news/josh-mccown-named-jets-starting-qb-19275240
2018,00-0033537,2018-08-09,2018-08-09,2026-09-23,starter,Brandon Weeden,Team identifies Watson as starting quarterback.,https://www.houstontexans.com/news/deshaun-watson-makes-preseason-debut
2018,00-0031345,2018-08-07,2018-08-07,2026-09-23,starter,CJ Beathard,Garoppolo identified with starting unit.,https://www.49ers.com/news/kyle-shanahan-announces-playing-time-for-garoppolo-49ers-starters-in-preseason-o
2018,00-0033873,2018-03-18,,2026-09-23,starter,Chad Henne,Team identifies Mahomes as new starting quarterback.,https://www.chiefs.com/news/11-observations-from-the-chiefs-recent-personnel-moves-20463274
2018,00-0027854,2018-07-29,,2026-09-23,starter,Josh Rosen,Wilks has designated Bradford starter unless he loses the job.,https://www.azcardinals.com/news/josh-rosen-impressed-by-unbelievable-sam-bradford
2019,00-0034796,2018-12-12,2018-12-12,2026-09-23,starter,Joe Flacco,Jackson named starter and Flacco moved to backup.,https://www.baltimoreravens.com/news/joe-flacco-is-disappointed-but-handles-backup-role-like-a-pro
2019,00-0034796,2019-03-13,2019-03-13,2026-09-23,starter,,Flacco departure corroborates carry-forward of Jackson designation; inference uses prior announcement.,https://www.baltimoreravens.com/news/press-release-ravens-player-announcements
2019,00-0029567,2019-03-14,2019-03-14,2026-09-23,starter,Cody Kessler,Introductory press conference identifies Foles as franchise starter.,https://www.jaguars.com/news/nick-foles-thursday-march-14-2019
2020,00-0027939,2020-07-31,2020-07-31,2026-09-23,competition,Jarrett Stidham;Brian Hoyer,Belichick describes evaluating quarterbacks through practice competition.,https://www.patriots.com/news/bill-belichick-video-press-conference-transcript-7-31
2020,00-0031237,2020-03-26,2020-03-26,2026-09-23,starter,PJ Walker;Will Grier,Team presents Bridgewater as filling departed Newton's role; reported-role inference.,https://www.panthers.com/news/takeaways-from-teddy-bridgewater-s-introductory-video-press-conference
2020,00-0028118,2020-07-29,2020-07-29,2026-09-23,competition,Justin Herbert,Lynn says Taylor is probable rather than confirmed starter.,https://www.nfl.com/news/anthony-lynn-tyrod-taylor-probably-chargers-week-1-starter
2020,00-0035232,2020-07-28,2020-07-28,2026-09-23,competition,Kyle Allen;Alex Smith,Rivera describes an open quarterback competition.,https://www.commanders.com/news/ron-rivera-press-conference-takeaways-training-camp-2020
2020,00-0029567,2020-07-30,,2026-09-23,competition,Mitchell Trubisky,Bears describe ongoing Foles versus Trubisky competition.,https://www.chicagobears.com/news/bears-qb-battle-will-have-much-different-look
2021,00-0036389,2021-08-05,2021-08-05,2026-09-23,competition,Joe Flacco,Sirianni has not declared a starting quarterback.,https://www.nfl.com/news/training-camp-buzz-2021-august-5
2021,00-0031503,2021-08-27,2021-08-27,2026-09-23,competition,Taysom Hill,Reported expected choice; formal designation still pending.,https://www.nfl.com/news/saints-expected-to-name-jameis-winston-as-their-starting-qb
2021,00-0033357,2021-08-27,2021-08-27,2026-09-23,competition,Jameis Winston,Winston favored; formal designation still pending.,https://www.nfl.com/news/saints-expected-to-name-jameis-winston-as-their-starting-qb
2022,00-0037012,2022-07-26,2022-07-26,2026-09-23,starter,Jimmy Garoppolo,Shanahan identifies Lance as the team's quarterback.,https://www.49ers.com/news/8-takeaways-from-john-lynch-kyle-shanahan-and-training-camp-report-day
2022,00-0031503,2022-08-10,2022-08-10,2026-09-23,starter,Andy Dalton,Winston remains starting quarterback while recovering from foot issue.,https://www.neworleanssaints.com/news/new-orleans-saints-quarterback-andy-dalton-lights-up-practice-as-team-prepares-f
2022,00-0032268,2022-07-27,2022-07-27,2026-09-23,starter,Desmond Ridder,Quarterbacks coach identifies Mariota as starter.,https://amp.nfl.com/news/training-camp-buzz-2022-july-27
2022,00-0033869,2022-08-11,2022-08-11,2026-09-23,competition,Kenny Pickett;Mason Rudolph,Preseason start announced; regular-season choice remains undecided.,https://www.steelers.com/news/trubisky-to-start-vs-seahawks
2023,00-0036264,2023-05-03,,2026-09-23,starter,Sean Clifford,LaFleur describes Love taking charge as new QB1.,https://www.packers.com/news/matt-lafleur-on-jordan-love-this-offseason-he-s-the-guy-in-charge
2023,00-0037834,2023-07-25,2023-07-25,2026-09-23,starter,Trey Lance;Sam Darnold,Team identifies Purdy as QB1 returning to first-team work.,https://www.49ers.com/news/brock-purdy-cleared-training-camp-without-restrictions-trey-lance-quarterback
2023,00-0037077,2023-08-18,2023-08-18,2026-09-23,starter,Jacoby Brissett,Howell named starting quarterback.,https://www.commanders.com/news/sam-howell-named-commanders-starting-quarterback
2023,00-0038122,2023-03-28,2023-03-28,2026-09-23,starter,Taylor Heinicke,Leadership confirms Ridder as starting quarterback.,https://www.atlantafalcons.com/news/arthur-blank-terry-fontenot-discuss-falcons-decision-to-roll-with-desmond-ridder
2024,00-0039164,2024-08-15,2024-08-15,2026-09-23,starter,Joe Flacco,Richardson leads starting offense in joint practice.,https://www.colts.com/news/anthony-richardson-training-camp-practice-adonai-mitchell-shane-steichen-arizona-cardinals
2024,00-0034869,2024-08-27,2024-08-27,2026-09-23,starter,Nick Mullens;Jaren Hall,Team roster lists Darnold first under explicit starters convention.,https://www.vikings.com/news/roster-moves-initial-53-man-waived-injured-2024
2025,00-0033077,2025-08-18,2025-08-18,2026-09-23,starter,Joe Milton;Will Grier,Prescott rests while competition is explicitly for backup role.,https://www.dallascowboys.com/news/milton-to-start-vs-atl-dak-won-t-play-preseason
2025,00-0036945,2025-07-07,,2026-09-23,starter,Tyrod Taylor,Team preview identifies Fields as starter and Taylor as backup.,https://www.newyorkjets.com/news/jets-training-camp-preview-quarterbacks-justin-fields-2025
2025,00-0039917,2025-06-17,,2026-09-23,starter,Kirk Cousins,Team preview identifies Penix as QB1 with Cousins backing up.,https://www.atlantafalcons.com/news/training-camp-preview-qb-kirk-cousins-michael-penix-jr
2025,00-0026158,2025-08-18,2025-08-18,2026-09-23,starter,Kenny Pickett;Dillon Gabriel;Shedeur Sanders,Browns name Flacco starting quarterback.,https://www.clevelandbrowns.com/news/joe-flacco-named-starting-quarterback
